driverId,driverRef,number,code,forename,surname,nationality
1,hamilton,44,HAM,Lewis,Hamilton,British
2,heidfeld,NA,HEI,Nick,Heidfeld,German
3,rosberg,6,ROS,Nico,Rosberg,German
4,alonso,14,ALO,Fernando,Alonso,Spanish
5,kovalainen,NA,KOV,Heikki,Kovalainen,Finnish
6,nakajima,NA,NAK,Kazuki,Nakajima,Japanese
7,bourdais,NA,BOU,Sébastien,Bourdais,French
8,raikkonen,7,RAI,Kimi,Räikkönen,Finnish
9,kubica,88,KUB,Robert,Kubica,Polish
10,glock,NA,GLO,Timo,Glock,German
11,sato,NA,SAT,Takuma,Sato,Japanese
12,piquet_jr,NA,PIQ,Nelson,Piquet Jr.,Brazilian
13,massa,19,MAS,Felipe,Massa,Brazilian
14,coulthard,NA,COU,David,Coulthard,British
15,trulli,NA,TRU,Jarno,Trulli,Italian
16,sutil,99,SUT,Adrian,Sutil,German
17,webber,NA,WEB,Mark,Webber,Australian
18,button,22,BUT,Jenson,Button,British
19,davidson,NA,DAV,Anthony,Davidson,British
20,vettel,5,VET,Sebastian,Vettel,German
21,fisichella,NA,FIS,Giancarlo,Fisichella,Italian
22,barrichello,NA,BAR,Rubens,Barrichello,Brazilian
23,ralf_schumacher,NA,SCH,Ralf,Schumacher,German
24,liuzzi,NA,LIU,Vitantonio,Liuzzi,Italian
25,wurz,NA,WUR,Alexander,Wurz,Austrian
26,speed,NA,SPE,Scott,Speed,American
27,albers,NA,ALB,Christijan,Albers,Dutch
28,markus_winkelhock,NA,WIN,Markus,Winkelhock,German
29,yamamoto,NA,YAM,Sakon,Yamamoto,Japanese
30,michael_schumacher,NA,MSC,Michael,Schumacher,German
31,montoya,NA,MON,Juan,Pablo Montoya,Colombian
32,klien,NA,KLI,Christian,Klien,Austrian
33,monteiro,NA,TMO,Tiago,Monteiro,Portuguese
34,ide,NA,IDE,Yuji,Ide,Japanese
35,villeneuve,NA,VIL,Jacques,Villeneuve,Canadian
36,montagny,NA,FMO,Franck,Montagny,French
37,rosa,NA,DLR,Pedro,de la Rosa,Spanish
38,doornbos,NA,DOO,Robert,Doornbos,Dutch
39,karthikeyan,NA,KAR,Narain,Karthikeyan,Indian
40,friesacher,NA,FRI,Patrick,Friesacher,Austrian
41,zonta,NA,ZON,Ricardo,Zonta,Brazilian
42,pizzonia,NA,PIZ,Antônio,Pizzonia,Brazilian
43,matta,NA,NA,Cristiano,da Matta,Brazilian
44,panis,NA,NA,Olivier,Panis,French
45,pantano,NA,NA,Giorgio,Pantano,Italian
46,bruni,NA,NA,Gianmaria,Bruni,Italian
47,baumgartner,NA,NA,Zsolt,Baumgartner,Hungarian
48,gene,NA,NA,Marc,Gené,Spanish
49,frentzen,NA,NA,Heinz-Harald,Frentzen,German
50,verstappen,NA,NA,Jos,Verstappen,Dutch
51,wilson,NA,NA,Justin,Wilson,British
52,firman,NA,NA,Ralph,Firman,Irish
53,kiesa,NA,NA,Nicolas,Kiesa,Danish
54,burti,NA,NA,Luciano,Burti,Brazilian
55,alesi,NA,NA,Jean,Alesi,French
56,irvine,NA,NA,Eddie,Irvine,British
57,hakkinen,NA,NA,Mika,Häkkinen,Finnish
58,marques,NA,NA,Tarso,Marques,Brazilian
59,bernoldi,NA,NA,Enrique,Bernoldi,Brazilian
60,mazzacane,NA,NA,Gastón,Mazzacane,Argentine
61,enge,NA,NA,Tomá_,Enge,Czech
62,yoong,NA,NA,Alex,Yoong,Malaysian
63,salo,NA,NA,Mika,Salo,Finnish
64,diniz,NA,NA,Pedro,Diniz,Brazilian
65,herbert,NA,NA,Johnny,Herbert,British
66,mcnish,NA,NA,Allan,McNish,British
67,buemi,NA,BUE,Sébastien,Buemi,Swiss
68,takagi,NA,NA,Toranosuke,Takagi,Japanese
69,badoer,NA,BAD,Luca,Badoer,Italian
70,zanardi,NA,NA,Alessandro,Zanardi,Italian
71,damon_hill,NA,NA,Damon,Hill,British
72,sarrazin,NA,NA,Stéphane,Sarrazin,French
73,rosset,NA,NA,Ricardo,Rosset,Brazilian
74,tuero,NA,NA,Esteban,Tuero,Argentine
75,nakano,NA,NA,Shinji,Nakano,Japanese
76,magnussen,NA,MAG,Jan,Magnussen,Danish
77,berger,NA,NA,Gerhard,Berger,Austrian
78,larini,NA,NA,Nicola,Larini,Italian
79,katayama,NA,NA,Ukyo,Katayama,Japanese
80,sospiri,NA,NA,Vincenzo,Sospiri,Italian
81,morbidelli,NA,NA,Gianni,Morbidelli,Italian
82,fontana,NA,NA,Norberto,Fontana,Argentine
83,lamy,NA,NA,Pedro,Lamy,Portuguese
84,brundle,NA,NA,Martin,Brundle,British
85,montermini,NA,NA,Andrea,Montermini,Italian
86,lavaggi,NA,NA,Giovanni,Lavaggi,Italian
87,blundell,NA,NA,Mark,Blundell,British
88,suzuki,NA,NA,Aguri,Suzuki,Japanese
89,inoue,NA,NA,Taki,Inoue,Japanese
90,moreno,NA,NA,Roberto,Moreno,Brazilian
91,wendlinger,NA,NA,Karl,Wendlinger,Austrian
92,gachot,NA,NA,Bertrand,Gachot,Belgian
93,schiattarella,NA,NA,Domenico,Schiattarella,Italian
94,martini,NA,NA,Pierluigi,Martini,Italian
95,mansell,NA,NA,Nigel,Mansell,British
96,boullion,NA,NA,Jean-Christophe,Boullion,French
97,papis,NA,NA,Massimiliano,Papis,Italian
98,deletraz,NA,NA,Jean-Denis,Delétraz,Swiss
99,tarquini,NA,NA,Gabriele,Tarquini,Italian
100,comas,NA,NA,Érik,Comas,French
101,brabham,NA,NA,David,Brabham,Australian
102,senna,NA,NA,Ayrton,Senna,Brazilian
103,bernard,NA,NA,Érik,Bernard,French
104,fittipaldi,NA,NA,Christian,Fittipaldi,Brazilian
105,alboreto,NA,NA,Michele,Alboreto,Italian
106,beretta,NA,NA,Olivier,Beretta,Monegasque
107,ratzenberger,NA,NA,Roland,Ratzenberger,Austrian
108,belmondo,NA,NA,Paul,Belmondo,French
109,lehto,NA,NA,Jyrki,Järvilehto,Finnish
110,cesaris,NA,NA,Andrea,de Cesaris,Italian
111,gounon,NA,NA,Jean-Marc,Gounon,French
112,alliot,NA,NA,Philippe,Alliot,French
113,adams,NA,NA,Philippe,Adams,Belgian
114,dalmas,NA,NA,Yannick,Dalmas,French
115,noda,NA,NA,Hideki,Noda,Japanese
116,lagorce,NA,NA,Franck,Lagorce,French
117,prost,NA,NA,Alain,Prost,French
118,warwick,NA,NA,Derek,Warwick,British
119,patrese,NA,NA,Riccardo,Patrese,Italian
120,barbazza,NA,NA,Fabrizio,Barbazza,Italian
121,andretti,NA,NA,Michael,Andretti,American
122,capelli,NA,NA,Ivan,Capelli,Italian
123,boutsen,NA,NA,Thierry,Boutsen,Belgian
124,apicella,NA,NA,Marco,Apicella,Italian
125,naspetti,NA,NA,Emanuele,Naspetti,Italian
126,toshio_suzuki,NA,NA,Toshio,Suzuki,Japanese
127,gugelmin,NA,NA,Maurício,Gugelmin,Brazilian
128,poele,NA,NA,Eric,van de Poele,Belgian
129,grouillard,NA,NA,Olivier,Grouillard,French
130,chiesa,NA,NA,Andrea,Chiesa,Swiss
131,modena,NA,NA,Stefano,Modena,Italian
132,amati,NA,NA,Giovanna,Amati,Italian
133,caffi,NA,NA,Alex,Caffi,Italian
134,bertaggia,NA,NA,Enrico,Bertaggia,Italian
135,mccarthy,NA,NA,Perry,McCarthy,British
136,lammers,NA,NA,Jan,Lammers,Dutch
137,piquet,NA,NA,Nelson,Piquet,Brazilian
138,satoru_nakajima,NA,NA,Satoru,Nakajima,Japanese
139,pirro,NA,NA,Emanuele,Pirro,Italian
140,johansson,NA,NA,Stefan,Johansson,Swedish
141,bailey,NA,NA,Julian,Bailey,British
142,chaves,NA,NA,Pedro,Chaves,Portuguese
143,bartels,NA,NA,Michael,Bartels,German
144,hattori,NA,NA,Naoki,Hattori,Japanese
145,nannini,NA,NA,Alessandro,Nannini,Italian
146,schneider,NA,NA,Bernd,Schneider,German
147,barilla,NA,NA,Paolo,Barilla,Italian
148,foitek,NA,NA,Gregor,Foitek,Swiss
149,langes,NA,NA,Claudio,Langes,Italian
150,gary_brabham,NA,NA,Gary,Brabham,Australian
151,donnelly,NA,NA,Martin,Donnelly,British
152,giacomelli,NA,NA,Bruno,Giacomelli,Italian
153,alguersuari,NA,ALG,Jaime,Alguersuari,Spanish
154,grosjean,8,GRO,Romain,Grosjean,French
155,kobayashi,10,KOB,Kamui,Kobayashi,Japanese
156,palmer,NA,NA,Jonathan,Palmer,British
157,danner,NA,NA,Christian,Danner,German
158,cheever,NA,NA,Eddie,Cheever,American
159,sala,NA,NA,Luis,Pérez-Sala,Spanish
160,ghinzani,NA,NA,Piercarlo,Ghinzani,Italian
161,weidler,NA,NA,Volker,Weidler,German
162,raphanel,NA,NA,Pierre-Henri,Raphanel,French
163,arnoux,NA,NA,René,Arnoux,French
164,joachim_winkelhock,NA,NA,Joachim,Winkelhock,German
165,larrauri,NA,NA,Oscar,Larrauri,Argentine
166,streiff,NA,NA,Philippe,Streiff,French
167,campos,NA,NA,Adrián,Campos,Spanish
168,schlesser,NA,NA,Jean-Louis,Schlesser,French
169,fabre,NA,NA,Pascal,Fabre,French
170,fabi,NA,NA,Teo,Fabi,Italian
171,forini,NA,NA,Franco,Forini,Swiss
172,laffite,NA,NA,Jacques,Laffite,French
173,angelis,NA,NA,Elio,de Angelis,Italian
174,dumfries,NA,NA,Johnny,Dumfries,British
175,tambay,NA,NA,Patrick,Tambay,French
176,surer,NA,NA,Marc,Surer,Swiss
177,keke_rosberg,NA,NA,Keke,Rosberg,Finnish
178,jones,NA,NA,Alan,Jones,Australian
179,rothengatter,NA,NA,Huub,Rothengatter,Dutch
180,berg,NA,NA,Allen,Berg,Canadian
181,manfred_winkelhock,NA,NA,Manfred,Winkelhock,German
182,lauda,NA,NA,Niki,Lauda,Austrian
183,hesnault,NA,NA,François,Hesnault,French
184,baldi,NA,NA,Mauro,Baldi,Italian
185,bellof,NA,NA,Stefan,Bellof,German
186,acheson,NA,NA,Kenny,Acheson,British
187,watson,NA,NA,John,Watson,British
188,cecotto,NA,NA,Johnny,Cecotto,Venezuelan
189,gartner,NA,NA,Jo,Gartner,Austrian
190,corrado_fabi,NA,NA,Corrado,Fabi,Italian
191,thackwell,NA,NA,Mike,Thackwell,New Zealander
192,serra,NA,NA,Chico,Serra,Brazilian
193,sullivan,NA,NA,Danny,Sullivan,American
194,salazar,NA,NA,Eliseo,Salazar,Chilean
195,guerrero,NA,NA,Roberto,Guerrero,Colombian
196,boesel,NA,NA,Raul,Boesel,Brazilian
197,jarier,NA,NA,Jean-Pierre,Jarier,French
198,villeneuve_sr,NA,NA,Jacques,Villeneuve Sr.,Canadian
199,reutemann,NA,NA,Carlos,Reutemann,Argentine
200,mass,NA,NA,Jochen,Mass,German
201,borgudd,NA,NA,Slim,Borgudd,Swedish
202,pironi,NA,NA,Didier,Pironi,French
203,gilles_villeneuve,NA,NA,Gilles,Villeneuve,Canadian
204,paletti,NA,NA,Riccardo,Paletti,Italian
205,henton,NA,NA,Brian,Henton,British
206,daly,NA,NA,Derek,Daly,Irish
207,mario_andretti,NA,NA,Mario,Andretti,American
208,villota,NA,NA,Emilio,de Villota,Spanish
209,lees,NA,NA,Geoff,Lees,British
210,byrne,NA,NA,Tommy,Byrne,Irish
211,keegan,NA,NA,Rupert,Keegan,British
212,rebaque,NA,NA,Hector,Rebaque,Mexican
213,gabbiani,NA,NA,Beppe,Gabbiani,Italian
214,cogan,NA,NA,Kevin,Cogan,American
215,guerra,NA,NA,Miguel Ángel,Guerra,Argentine
216,stohr,NA,NA,Siegfried,Stohr,Italian
217,zunino,NA,NA,Ricardo,Zunino,Argentine
218,londono,NA,NA,Ricardo,Londoño,Colombian
219,jabouille,NA,NA,Jean-Pierre,Jabouille,French
220,francia,NA,NA,Giorgio,Francia,Italian
221,depailler,NA,NA,Patrick,Depailler,French
222,scheckter,NA,NA,Jody,Scheckter,South African
223,regazzoni,NA,NA,Clay,Regazzoni,Swiss
224,emerson_fittipaldi,NA,NA,Emerson,Fittipaldi,Brazilian
225,kennedy,NA,NA,Dave,Kennedy,Irish
226,south,NA,NA,Stephen,South,British
227,needell,NA,NA,Tiff,Needell,British
228,desire_wilson,NA,NA,Desiré,Wilson,South African
229,ertl,NA,NA,Harald,Ertl,Austrian
230,brambilla,NA,NA,Vittorio,Brambilla,Italian
231,hunt,NA,NA,James,Hunt,British
232,merzario,NA,NA,Arturo,Merzario,Italian
233,stuck,NA,NA,Hans-Joachim,Stuck,German
234,brancatelli,NA,NA,Gianfranco,Brancatelli,Italian
235,ickx,NA,NA,Jacky,Ickx,Belgian
236,gaillard,NA,NA,Patrick,Gaillard,French
237,ribeiro,NA,NA,Alex,Ribeiro,Brazilian
238,peterson,NA,NA,Ronnie,Peterson,Swedish
239,lunger,NA,NA,Brett,Lunger,American
240,ongais,NA,NA,Danny,Ongais,American
241,leoni,NA,NA,Lamberto,Leoni,Italian
242,galica,NA,NA,Divina,Galica,British
243,stommelen,NA,NA,Rolf,Stommelen,German
244,colombo,NA,NA,Alberto,Colombo,Italian
245,trimmer,NA,NA,Tony,Trimmer,British
246,binder,NA,NA,Hans,Binder,Austrian
247,bleekemolen,NA,NA,Michael,Bleekemolen,Dutch
248,gimax,NA,NA,Carlo,Franchi,Italian
249,rahal,NA,NA,Bobby,Rahal,American
250,pace,NA,NA,Carlos,Pace,Brazilian
251,ian_scheckter,NA,NA,Ian,Scheckter,South African
252,pryce,NA,NA,Tom,Pryce,British
253,hoffmann,NA,NA,Ingo,Hoffmann,Brazilian
254,zorzi,NA,NA,Renzo,Zorzi,Italian
255,nilsson,NA,NA,Gunnar,Nilsson,Swedish
256,perkins,NA,NA,Larry,Perkins,Australian
257,hayje,NA,NA,Boy,Lunger,Dutch
258,neve,NA,NA,Patrick,Nève,Belgian
259,purley,NA,NA,David,Purley,British
260,andersson,NA,NA,Conny,Andersson,Swedish
261,dryver,NA,NA,Bernard,de Dryver,Belgian
262,oliver,NA,NA,Jackie,Oliver,British
263,kozarowitzky,NA,NA,Mikko,Kozarowitzky,Finnish
264,sutcliffe,NA,NA,Andy,Sutcliffe,British
265,edwards,NA,NA,Guy,Edwards,British
266,mcguire,NA,NA,Brian,McGuire,Australian
267,schuppan,NA,NA,Vern,Schuppan,Australian
268,heyer,NA,NA,Hans,Heyer,German
269,pilette,NA,NA,Teddy,Pilette,Belgian
270,ashley,NA,NA,Ian,Ashley,British
271,kessel,NA,NA,Loris,Kessel,Swiss
272,takahashi,NA,NA,Kunimitsu,Takahashi,Japanese
273,hoshino,NA,NA,Kazuyoshi,Hoshino,Japanese
274,takahara,NA,NA,Noritake,Takahara,Japanese
275,lombardi,NA,NA,Lella,Lombardi,Italian
276,evans,NA,NA,Bob,Evans,British
277,leclere,NA,NA,Michel,Leclère,French
278,amon,NA,NA,Chris,Amon,New Zealander
279,zapico,NA,NA,Emilio,Zapico,Spanish
280,pescarolo,NA,NA,Henri,Pescarolo,French
281,nelleman,NA,NA,Jac,Nelleman,Danish
282,magee,NA,NA,Damien,Magee,British
283,wilds,NA,NA,Mike,Wilds,British
284,pesenti_rossi,NA,NA,Alessandro,Pesenti-Rossi,Italian
285,stuppacher,NA,NA,Otto,Stuppacher,Austrian
286,brown,NA,NA,Warwick,Brown,Australian
287,hasemi,NA,NA,Masahiro,Hasemi,Japanese
288,donohue,NA,NA,Mark,Donohue,American
289,hill,NA,NA,Graham,Hill,British
290,wilson_fittipaldi,NA,NA,Wilson,Fittipaldi,Brazilian
291,tunmer,NA,NA,Guy,Tunmer,South African
292,keizan,NA,NA,Eddie,Keizan,South African
293,charlton,NA,NA,Dave,Charlton,South African
294,brise,NA,NA,Tony,Brise,British
295,wunderink,NA,NA,Roelof,Wunderink,Dutch
296,migault,NA,NA,François,Migault,French
297,palm,NA,NA,Torsten,Palm,Swedish
298,lennep,NA,NA,Gijs,van Lennep,Dutch
299,fushida,NA,NA,Hiroshi,Fushida,Japanese
300,nicholson,NA,NA,John,Nicholson,New Zealander
301,morgan,NA,NA,Dave,Morgan,British
302,crawford,NA,NA,Jim,Crawford,British
303,vonlanthen,NA,NA,Jo,Vonlanthen,Swiss
304,hulme,NA,NA,Denny,Hulme,New Zealander
305,hailwood,NA,NA,Mike,Hailwood,British
306,beltoise,NA,NA,Jean-Pierre,Beltoise,French
307,ganley,NA,NA,Howden,Ganley,New Zealander
308,robarts,NA,NA,Richard,Robarts,British
309,revson,NA,NA,Peter,Revson,American
310,driver,NA,NA,Paddy,Driver,South African
311,belso,NA,NA,Tom,Belsø,Danish
312,redman,NA,NA,Brian,Redman,British
313,opel,NA,NA,Rikky,von Opel,Liechtensteiner
314,schenken,NA,NA,Tim,Schenken,Australian
315,larrousse,NA,NA,Gérard,Larrousse,French
316,kinnunen,NA,NA,Leo,Kinnunen,Finnish
317,wisell,NA,NA,Reine,Wisell,Swedish
318,roos,NA,NA,Bertil,Roos,Swedish
319,dolhem,NA,NA,José,Dolhem,French
320,gethin,NA,NA,Peter,Gethin,British
321,bell,NA,NA,Derek,Bell,British
322,hobbs,NA,NA,David,Hobbs,British
323,quester,NA,NA,Dieter,Quester,Austrian
324,koinigg,NA,NA,Helmuth,Koinigg,Austrian
325,facetti,NA,NA,Carlo,Facetti,Italian
326,wietzes,NA,NA,Eppie,Wietzes,Canadian
327,cevert,NA,NA,François,Cevert,French
328,stewart,NA,NA,Jackie,Stewart,British
329,beuttler,NA,NA,Mike,Beuttler,British
330,galli,NA,NA,Nanni,Galli,Italian
331,bueno,NA,NA,Luiz,Bueno,Brazilian
332,follmer,NA,NA,George,Follmer,American
333,adamich,NA,NA,Andrea,de Adamich,Italian
334,pretorius,NA,NA,Jackie,Pretorius,South African
335,williamson,NA,NA,Roger,Williamson,British
336,mcrae,NA,NA,Graham,McRae,New Zealander
337,marko,NA,NA,Helmut,Marko,Austrian
338,walker,NA,NA,David,Walker,Australian
339,roig,NA,NA,Alex,Soler-Roig,Spanish
340,love,NA,NA,John,Love,Rhodesian
341,surtees,NA,NA,John,Surtees,British
342,barber,NA,NA,Skip,Barber,American
343,brack,NA,NA,Bill,Brack,Canadian
344,posey,NA,NA,Sam,Posey,American
345,rodriguez,NA,NA,Pedro,Rodríguez,Mexican
346,siffert,NA,NA,Jo,Siffert,Swiss
347,bonnier,NA,NA,Jo,Bonnier,Swedish
348,mazet,NA,NA,François,Mazet,French
349,jean,NA,NA,Max,Jean,French
350,elford,NA,NA,Vic,Elford,British
351,moser,NA,NA,Silvio,Moser,Swiss
352,eaton,NA,NA,George,Eaton,Canadian
353,lovely,NA,NA,Pete,Lovely,American
354,craft,NA,NA,Chris,Craft,British
355,Cannoc,NA,NA,John,Cannon,Canadian
356,jack_brabham,NA,NA,Jack,Brabham,Australian
357,miles,NA,NA,John,Miles,British
358,rindt,NA,NA,Jochen,Rindt,Austrian
359,gavin,NA,NA,Johnny,Servoz-Gavin,French
360,mclaren,NA,NA,Bruce,McLaren,New Zealander
361,courage,NA,NA,Piers,Courage,British
362,klerk,NA,NA,Peter,de Klerk,South African
363,giunti,NA,NA,Ignazio,Giunti,Italian
364,gurney,NA,NA,Dan,Gurney,American
365,hahne,NA,NA,Hubert,Hahne,German
366,hutchison,NA,NA,Gus,Hutchison,American
367,westbury,NA,NA,Peter,Westbury,British
368,tingle,NA,NA,Sam,Tingle,Rhodesian
369,rooyen,NA,NA,Basil,van Rooyen,South African
370,attwood,NA,NA,Richard,Attwood,British
371,pease,NA,NA,Al,Pease,Canadian
372,cordts,NA,NA,John,Cordts,Canadian
373,clark,NA,NA,Jim,Clark,British
374,spence,NA,NA,Mike,Spence,British
375,scarfiotti,NA,NA,Ludovico,Scarfiotti,Italian
376,bianchi,NA,BIA,Lucien,Bianchi,Belgian
377,jo_schlesser,NA,NA,Jo,Schlesser,French
378,widdows,NA,NA,Robin,Widdows,British
379,ahrens,NA,NA,Kurt,Ahrens,German
380,gardner,NA,NA,Frank,Gardner,Australian
381,unser,NA,NA,Bobby,Unser,American
382,solana,NA,NA,Moisés,Solana,Mexican
383,anderson,NA,NA,Bob,Anderson,British
384,botha,NA,NA,Luki,Botha,South African
385,bandini,NA,NA,Lorenzo,Bandini,Italian
386,ginther,NA,NA,Richie,Ginther,American
387,parkes,NA,NA,Mike,Parkes,British
388,irwin,NA,NA,Chris,Irwin,British
389,ligier,NA,NA,Guy,Ligier,French
390,rees,NA,NA,Alan,Rees,British
391,hart,NA,NA,Brian,Hart,British
392,fisher,NA,NA,Mike,Fisher,American
393,tom_jones,NA,NA,Tom,Jones,American
394,baghetti,NA,NA,Giancarlo,Baghetti,Italian
395,williams,NA,NA,Jonathan,Williams,British
396,bondurant,NA,NA,Bob,Bondurant,American
397,arundell,NA,NA,Peter,Arundell,British
398,vic_wilson,NA,NA,Vic,Wilson,British
399,taylor,NA,NA,John,Taylor,British
400,lawrence,NA,NA,Chris,Lawrence,British
401,trevor_taylor,NA,NA,Trevor,Taylor,British
402,geki,NA,NA,Giacomo,Russo,Italian
403,phil_hill,NA,NA,Phil,Hill,American
404,ireland,NA,NA,Innes,Ireland,British
405,bucknum,NA,NA,Ronnie,Bucknum,American
406,hawkins,NA,NA,Paul,Hawkins,Australian
407,prophet,NA,NA,David,Prophet,British
408,maggs,NA,NA,Tony,Maggs,South African
409,blokdyk,NA,NA,Trevor,Blokdyk,South African
410,lederle,NA,NA,Neville,Lederle,South African
411,serrurier,NA,NA,Doug,Serrurier,South African
412,niemann,NA,NA,Brausch,Niemann,South African
413,pieterse,NA,NA,Ernie,Pieterse,South African
414,puzey,NA,NA,Clive,Puzey,Rhodesian
415,reed,NA,NA,Ray,Reed,South African
416,clapham,NA,NA,David,Clapham,South African
417,blignaut,NA,NA,Alex,Blignaut,South African
418,gregory,NA,NA,Masten,Gregory,American
419,rhodes,NA,NA,John,Rhodes,British
420,raby,NA,NA,Ian,Raby,British
421,rollinson,NA,NA,Alan,Rollinson,British
422,gubby,NA,NA,Brian,Gubby,British
423,mitter,NA,NA,Gerhard,Mitter,German
424,bussinello,NA,NA,Roberto,Bussinello,Italian
425,vaccarella,NA,NA,Nino,Vaccarella,Italian
426,bassi,NA,NA,Giorgio,Bassi,Italian
427,trintignant,NA,NA,Maurice,Trintignant,French
428,collomb,NA,NA,Bernard,Collomb,French
429,andre_pilette,NA,NA,André,Pilette,Belgian
430,beaufort,NA,NA,Carel Godin,de Beaufort,Dutch
431,barth,NA,NA,Edgar,Barth,German
432,cabral,NA,NA,Mário de Araújo,Cabral,Portuguese
433,hansgen,NA,NA,Walt,Hansgen,American
434,sharp,NA,NA,Hap,Sharp,American
435,mairesse,NA,NA,Willy,Mairesse,Belgian
436,campbell-jones,NA,NA,John,Campbell-Jones,British
437,burgess,NA,NA,Ian,Burgess,British
438,settember,NA,NA,Tony,Settember,American
439,estefano,NA,NA,Nasif,Estéfano,Argentine
440,hall,NA,NA,Jim,Hall,American
441,parnell,NA,NA,Tim,Parnell,British
442,kuhnke,NA,NA,Kurt,Kuhnke,German
443,ernesto_brambilla,NA,NA,Ernesto,Brambilla,Italian
444,lippi,NA,NA,Roberto,Lippi,Italian
445,seiffert,NA,NA,Günther,Seiffert,German
446,abate,NA,NA,Carlo,Abate,Italian
447,starrabba,NA,NA,Gaetano,Starrabba,Italian
448,broeker,NA,NA,Peter,Broeker,Canadian
449,ward,NA,NA,Rodger,Ward,American
450,vos,NA,NA,Ernie,de Vos,Dutch
451,dochnal,NA,NA,Frank,Dochnal,American
452,monarch,NA,NA,Thomas,Monarch,American
842,gasly,10,GAS,Pierre,Gasly,French
453,lewis,NA,NA,Jackie,Lewis,British
454,ricardo_rodriguez,NA,NA,Ricardo,Rodríguez,Mexican
455,seidel,NA,NA,Wolfgang,Seidel,German
456,salvadori,NA,NA,Roy,Salvadori,British
457,pon,NA,NA,Ben,Pon,Dutch
458,slotemaker,NA,NA,Rob,Slotemaker,Dutch
459,marsh,NA,NA,Tony,Marsh,British
460,ashmore,NA,NA,Gerry,Ashmore,British
461,schiller,NA,NA,Heinz,Schiller,Swiss
462,davis,NA,NA,Colin,Davis,British
463,chamberlain,NA,NA,Jay,Chamberlain,American
464,shelly,NA,NA,Tony,Shelly,New Zealander
465,greene,NA,NA,Keith,Greene,British
466,walter,NA,NA,Heini,Walter,Swiss
467,prinoth,NA,NA,Ernesto,Prinoth,Italian
468,penske,NA,NA,Roger,Penske,American
469,schroeder,NA,NA,Rob,Schroeder,British
470,mayer,NA,NA,Timmy,Mayer,American
471,johnstone,NA,NA,Bruce,Johnstone,South African
472,harris,NA,NA,Mike,Harris,South African
473,hocking,NA,NA,Gary,Hocking,Rhodesian
474,vyver,NA,NA,Syd,van der Vyver,South African
475,moss,NA,NA,Stirling,Moss,British
476,trips,NA,NA,Wolfgang,von Trips,German
477,allison,NA,NA,Cliff,Allison,British
478,herrmann,NA,NA,Hans,Herrmann,German
479,brooks,NA,NA,Tony,Brooks,British
480,may,NA,NA,Michael,May,Swiss
481,henry_taylor,NA,NA,Henry,Taylor,British
482,gendebien,NA,NA,Olivier,Gendebien,Belgian
483,scarlatti,NA,NA,Giorgio,Scarlatti,Italian
484,naylor,NA,NA,Brian,Naylor,British
485,bordeu,NA,NA,Juan Manuel,Bordeu,Argentine
486,fairman,NA,NA,Jack,Fairman,British
487,natili,NA,NA,Massimo,Natili,Italian
488,monteverdi,NA,NA,Peter,Monteverdi,Swiss
489,pirocchi,NA,NA,Renato,Pirocchi,Italian
490,duke,NA,NA,Geoff,Duke,British
491,thiele,NA,NA,Alfonso,Thiele,American-Italian
492,boffa,NA,NA,Menato,Boffa,Italian
493,ryan,NA,NA,Peter,Ryan,Canadian
494,ruby,NA,NA,Lloyd,Ruby,American
495,ken_miles,NA,NA,Ken,Miles,British
496,menditeguy,NA,NA,Carlos,Menditeguy,Argentine
497,larreta,NA,NA,Alberto Rodriguez,Larreta,Argentine
498,gonzalez,NA,NA,José Froilán,González,Argentine
499,bonomi,NA,NA,Roberto,Bonomi,Argentine
500,munaron,NA,NA,Gino,Munaron,Italian
501,schell,NA,NA,Harry,Schell,American
502,stacey,NA,NA,Alan,Stacey,British
503,chimeri,NA,NA,Ettore,Chimeri,Venezuelan
504,creus,NA,NA,Antonio,Creus,Spanish
505,bristow,NA,NA,Chris,Bristow,British
506,halford,NA,NA,Bruce,Halford,British
507,daigh,NA,NA,Chuck,Daigh,American
508,reventlow,NA,NA,Lance,Reventlow,American
509,rathmann,NA,NA,Jim,Rathmann,American
510,goldsmith,NA,NA,Paul,Goldsmith,American
511,branson,NA,NA,Don,Branson,American
512,thomson,NA,NA,Johnny,Thomson,American
513,johnson,NA,NA,Eddie,Johnson,American
514,veith,NA,NA,Bob,Veith,American
515,tingelstad,NA,NA,Bud,Tingelstad,American
516,christie,NA,NA,Bob,Christie,American
517,amick,NA,NA,Red,Amick,American
518,darter,NA,NA,Duane,Carter,American
519,homeier,NA,NA,Bill,Homeier,American
520,hartley,NA,NA,Gene,Hartley,American
521,stevenson,NA,NA,Chuck,Stevenson,American
522,grim,NA,NA,Bobby,Grim,American
523,templeman,NA,NA,Shorty,Templeman,American
524,hurtubise,NA,NA,Jim,Hurtubise,American
525,bryan,NA,NA,Jimmy,Bryan,American
526,ruttman,NA,NA,Troy,Ruttman,American
527,sachs,NA,NA,Eddie,Sachs,American
528,freeland,NA,NA,Don,Freeland,American
529,bettenhausen,NA,NA,Tony,Bettenhausen,American
530,weiler,NA,NA,Wayne,Weiler,American
531,foyt,NA,NA,Anthony,Foyt,American
532,russo,NA,NA,Eddie,Russo,American
533,boyd,NA,NA,Johnny,Boyd,American
534,force,NA,NA,Gene,Force,American
535,mcwithey,NA,NA,Jim,McWithey,American
536,sutton,NA,NA,Len,Sutton,American
537,dick_rathmann,NA,NA,Dick,Rathmann,American
538,herman,NA,NA,Al,Herman,American
539,dempsey_wilson,NA,NA,Dempsey,Wilson,American
540,mike_taylor,NA,NA,Mike,Taylor,British
541,flockhart,NA,NA,Ron,Flockhart,British
542,piper,NA,NA,David,Piper,British
543,cabianca,NA,NA,Giulio,Cabianca,Italian
544,drogo,NA,NA,Piero,Drogo,Italian
545,gamble,NA,NA,Fred,Gamble,American
546,owen,NA,NA,Arthur,Owen,British
547,gould,NA,NA,Horace,Gould,British
548,drake,NA,NA,Bob,Drake,American
549,bueb,NA,NA,Ivor,Bueb,British
550,Changy,NA,NA,Alain,de Changy,Belgian
551,filippis,NA,NA,Maria,de Filippis,Italian
552,lucienbonnet,NA,NA,Jean,Lucienbonnet,French
553,testut,NA,NA,André,Testut,Monegasque
554,behra,NA,NA,Jean,Behra,French
555,paul_russo,NA,NA,Paul,Russo,American
556,daywalt,NA,NA,Jimmy,Daywalt,American
557,arnold,NA,NA,Chuck,Arnold,American
558,keller,NA,NA,Al,Keller,American
559,flaherty,NA,NA,Pat,Flaherty,American
560,cheesbourg,NA,NA,Bill,Cheesbourg,American
561,ray_crawford,NA,NA,Ray,Crawford,American
562,turner,NA,NA,Jack,Turner,American
563,weyant,NA,NA,Chuck,Weyant,American
564,larson,NA,NA,Jud,Larson,American
565,magill,NA,NA,Mike,Magill,American
566,shelby,NA,NA,Carroll,Shelby,American
567,orey,NA,NA,Fritz,d'Orey,Brazilian
568,fontes,NA,NA,Azdrubal,Fontes,Uruguayan
569,ashdown,NA,NA,Peter,Ashdown,British
570,bill_moss,NA,NA,Bill,Moss,British
571,dennis_taylor,NA,NA,Dennis,Taylor,British
572,blanchard,NA,NA,Harry,Blanchard,American
573,tomaso,NA,NA,Alessandro,de Tomaso,Argentine-Italian
574,constantine,NA,NA,George,Constantine,American
575,said,NA,NA,Bob,Said,American
576,cade,NA,NA,Phil,Cade,American
577,musso,NA,NA,Luigi,Musso,Italian
578,hawthorn,NA,NA,Mike,Hawthorn,British
579,fangio,NA,NA,Juan,Fangio,Argentine
580,godia,NA,NA,Paco,Godia,Spanish
581,collins,NA,NA,Peter,Collins,British
582,kavanagh,NA,NA,Ken,Kavanagh,Australian
583,gerini,NA,NA,Gerino,Gerini,Italian
584,kessler,NA,NA,Bruce,Kessler,American
585,emery,NA,NA,Paul,Emery,British
586,piotti,NA,NA,Luigi,Piotti,Italian
587,ecclestone,NA,NA,Bernie,Ecclestone,British
588,taramazzo,NA,NA,Luigi,Taramazzo,Italian
589,chiron,NA,NA,Louis,Chiron,Monegasque
590,lewis-evans,NA,NA,Stuart,Lewis-Evans,British
591,george_amick,NA,NA,George,Amick,American
592,reece,NA,NA,Jimmy,Reece,American
593,parsons,NA,NA,Johnnie,Parsons,American
594,tolan,NA,NA,Johnnie,Tolan,American
595,garrett,NA,NA,Billy,Garrett,American
596,elisian,NA,NA,Ed,Elisian,American
597,connor,NA,NA,Pat,O'Connor,American
598,jerry_unser,NA,NA,Jerry,Unser,American
599,bisch,NA,NA,Art,Bisch,American
600,goethals,NA,NA,Christian,Goethals,Belgian
601,gibson,NA,NA,Dick,Gibson,British
602,la_caze,NA,NA,Robert,La Caze,French
603,guelfi,NA,NA,André,Guelfi,French
604,picard,NA,NA,François,Picard,French
605,bridger,NA,NA,Tom,Bridger,British
606,portago,NA,NA,Alfonso,de Portago,Spanish
607,perdisa,NA,NA,Cesare,Perdisa,Italian
608,castellotti,NA,NA,Eugenio,Castellotti,Italian
609,simon,NA,NA,André,Simon,French
610,leston,NA,NA,Les,Leston,British
611,hanks,NA,NA,Sam,Hanks,American
612,linden,NA,NA,Andy,Linden,American
613,teague,NA,NA,Marshall,Teague,American
614,edmunds,NA,NA,Don,Edmunds,American
615,agabashian,NA,NA,Fred,Agabashian,American
616,george,NA,NA,Elmer,George,American
617,macdowel,NA,NA,Mike,MacDowel,British
618,mackay-fraser,NA,NA,Herbert,MacKay-Fraser,American
619,gerard,NA,NA,Bob,Gerard,British
620,maglioli,NA,NA,Umberto,Maglioli,Italian
621,england,NA,NA,Paul,England,Australian
622,landi,NA,NA,Chico,Landi,Brazilian
623,uria,NA,NA,Alberto,Uria,Uruguayan
624,ramos,NA,NA,Hernando,da Silva Ramos,Brazilian
625,bayol,NA,NA,Élie,Bayol,French
626,manzon,NA,NA,Robert,Manzon,French
627,rosier,NA,NA,Louis,Rosier,French
628,sweikert,NA,NA,Bob,Sweikert,American
629,griffith,NA,NA,Cliff,Griffith,American
630,dinsmore,NA,NA,Duke,Dinsmore,American
631,andrews,NA,NA,Keith,Andrews,American
632,frere,NA,NA,Paul,Frère,Belgian
633,villoresi,NA,NA,Luigi,Villoresi,Italian
634,scotti,NA,NA,Piero,Scotti,Italian
635,chapman,NA,NA,Colin,Chapman,British
636,titterington,NA,NA,Desmond,Titterington,British
637,scott_Brown,NA,NA,Archie,Scott Brown,British
638,volonterio,NA,NA,Ottorino,Volonterio,Swiss
639,milhoux,NA,NA,André,Milhoux,Belgian
640,graffenried,NA,NA,Toulo,de Graffenried,Swiss
641,taruffi,NA,NA,Piero,Taruffi,Italian
642,farina,NA,NA,Nino,Farina,Italian
643,mieres,NA,NA,Roberto,Mieres,Argentine
644,mantovani,NA,NA,Sergio,Mantovani,Italian
645,bucci,NA,NA,Clemar,Bucci,Argentine
646,iglesias,NA,NA,Jesús,Iglesias,Argentine
647,ascari,NA,NA,Alberto,Ascari,Italian
648,kling,NA,NA,Karl,Kling,German
649,birger,NA,NA,Pablo,Birger,Argentine
650,pollet,NA,NA,Jacques,Pollet,French
651,macklin,NA,NA,Lance,Macklin,British
652,whiteaway,NA,NA,Ted,Whiteaway,British
653,davies,NA,NA,Jimmy,Davies,American
654,faulkner,NA,NA,Walt,Faulkner,American
655,niday,NA,NA,Cal,Niday,American
656,cross,NA,NA,Art,Cross,American
657,vukovich,NA,NA,Bill,Vukovich,American
658,mcgrath,NA,NA,Jack,McGrath,American
659,hoyt,NA,NA,Jerry,Hoyt,American
660,claes,NA,NA,Johnny,Claes,Belgian
661,peter_walker,NA,NA,Peter,Walker,British
662,sparken,NA,NA,Mike,Sparken,French
663,wharton,NA,NA,Ken,Wharton,British
664,mcalpine,NA,NA,Kenneth,McAlpine,British
665,marr,NA,NA,Leslie,Marr,British
666,rolt,NA,NA,Tony,Rolt,British
667,fitch,NA,NA,John,Fitch,American
668,lucas,NA,NA,Jean,Lucas,French
669,bira,NA,NA,Prince,Bira,Thai
670,marimon,NA,NA,Onofre,Marimón,Argentine
671,loyer,NA,NA,Roger,Loyer,French
672,daponte,NA,NA,Jorge,Daponte,Argentine
673,nazaruk,NA,NA,Mike,Nazaruk,American
674,crockett,NA,NA,Larry,Crockett,American
675,ayulo,NA,NA,Manny,Ayulo,American
676,armi,NA,NA,Frank,Armi,American
677,webb,NA,NA,Travis,Webb,American
678,duncan,NA,NA,Len,Duncan,American
679,mccoy,NA,NA,Ernie,McCoy,American
680,swaters,NA,NA,Jacques,Swaters,American
681,georges_berger,NA,NA,Georges,Berger,Belgian
682,beauman,NA,NA,Don,Beauman,British
683,thorne,NA,NA,Leslie,Thorne,British
684,whitehouse,NA,NA,Bill,Whitehouse,British
685,riseley_prichard,NA,NA,John,Riseley-Prichard,British
686,reg_parnell,NA,NA,Reg,Parnell,British
687,whitehead,NA,NA,Peter,Whitehead,British
688,brandon,NA,NA,Eric,Brandon,British
689,alan_brown,NA,NA,Alan,Brown,British
690,nuckey,NA,NA,Rodney,Nuckey,British
691,lang,NA,NA,Hermann,Lang,German
692,helfrich,NA,NA,Theo,Helfrich,German
693,wacker,NA,NA,Fred,Wacker,American
694,riu,NA,NA,Giovanni,de Riu,Italian
695,galvez,NA,NA,Oscar,Gálvez,Argentine
696,john_barber,NA,NA,John,Barber,British
697,bonetto,NA,NA,Felice,Bonetto,Italian
698,cruz,NA,NA,Adolfo,Cruz,Argentine
699,nalon,NA,NA,Duke,Nalon,American
700,scarborough,NA,NA,Carl,Scarborough,American
701,holland,NA,NA,Bill,Holland,American
702,bob_scott,NA,NA,Bob,Scott,American
703,legat,NA,NA,Arthur,Legat,Belgian
704,cabantous,NA,NA,Yves,Cabantous,French
705,crook,NA,NA,Tony,Crook,British
706,jimmy_stewart,NA,NA,Jimmy,Stewart,British
707,ian_stewart,NA,NA,Ian,Stewart,British
708,duncan_hamilton,NA,NA,Duncan,Hamilton,British
709,klodwig,NA,NA,Ernst,Klodwig,East German
710,krause,NA,NA,Rudolf,Krause,East German
711,karch,NA,NA,Oswald,Karch,German
712,heeks,NA,NA,Willi,Heeks,German
713,fitzau,NA,NA,Theo,Fitzau,East German
714,adolff,NA,NA,Kurt,Adolff,German
715,bechem,NA,NA,Günther,Bechem,German
716,bauer,NA,NA,Erwin,Bauer,German
717,hans_stuck,NA,NA,Hans,von Stuck,German
718,loof,NA,NA,Ernst,Loof,German
719,scherrer,NA,NA,Albert,Scherrer,Swiss
720,terra,NA,NA,Max,de Terra,Swiss
721,hirt,NA,NA,Peter,Hirt,Swiss
722,carini,NA,NA,Piero,Carini,Italian
723,fischer,NA,NA,Rudi,Fischer,Swiss
724,ulmen,NA,NA,Toni,Ulmen,German
725,abecassis,NA,NA,George,Abecassis,British
726,george_connor,NA,NA,George,Connor,American
727,rigsby,NA,NA,Jim,Rigsby,American
728,james,NA,NA,Joe,James,American
729,schindler,NA,NA,Bill,Schindler,American
730,fonder,NA,NA,George,Fonder,American
731,banks,NA,NA,Henry,Banks,American
732,mcdowell,NA,NA,Johnny,McDowell,American
733,miller,NA,NA,Chet,Miller,American
734,ball,NA,NA,Bobby,Ball,American
735,tornaco,NA,NA,Charles,de Tornaco,Belgian
736,laurent,NA,NA,Roger,Laurent,Belgian
737,obrien,NA,NA,Robert,O'Brien,American
738,gaze,NA,NA,Tony,Gaze,Australian
739,charrington,NA,NA,Robin,Montgomerie-Charrington,British
740,comotti,NA,NA,Franco,Comotti,Italian
741,etancelin,NA,NA,Philippe,Étancelin,French
742,poore,NA,NA,Dennis,Poore,British
743,thompson,NA,NA,Eric,Thompson,British
744,downing,NA,NA,Ken,Downing,British
745,graham_whitehead,NA,NA,Graham,Whitehead,British
746,bianco,NA,NA,Gino,Bianco,Brazilian
747,murray,NA,NA,David,Murray,British
748,cantoni,NA,NA,Eitel,Cantoni,Uruguayan
749,aston,NA,NA,Bill,Aston,British
750,brudes,NA,NA,Adolf,Brudes,German
751,riess,NA,NA,Fritz,Riess,German
752,niedermayr,NA,NA,Helmut,Niedermayr,German
753,klenk,NA,NA,Hans,Klenk,German
754,balsa,NA,NA,Marcel,Balsa,French
755,schoeller,NA,NA,Rudolf,Schoeller,Swiss
756,pietsch,NA,NA,Paul,Pietsch,German
757,peters,NA,NA,Josef,Peters,German
758,lof,NA,NA,Dries,van der Lof,Dutch
759,flinterman,NA,NA,Jan,Flinterman,Dutch
760,dusio,NA,NA,Piero,Dusio,Italian
761,crespo,NA,NA,Alberto,Crespo,Argentine
762,rol,NA,NA,Franco,Rol,Italian
763,sanesi,NA,NA,Consalvo,Sanesi,Italian
764,guy_mairesse,NA,NA,Guy,Mairesse,French
765,louveau,NA,NA,Henri,Louveau,French
766,wallard,NA,NA,Lee,Wallard,American
767,forberg,NA,NA,Carl,Forberg,American
768,rose,NA,NA,Mauri,Rose,American
769,mackey,NA,NA,Bill,Mackey,American
770,green,NA,NA,Cecil,Green,American
771,walt_brown,NA,NA,Walt,Brown,American
772,hellings,NA,NA,Mack,Hellings,American
773,levegh,NA,NA,Pierre,Levegh,French
774,chaboud,NA,NA,Eugène,Chaboud,French
775,gordini,NA,NA,Aldo,Gordini,French
776,kelly,NA,NA,Joe,Kelly,Irish
777,parker,NA,NA,Philip,Fotheringham-Parker,British
778,shawe_taylor,NA,NA,Brian,Shawe Taylor,British
779,john_james,NA,NA,John,James,British
780,branca,NA,NA,Toni,Branca,Swiss
781,richardson,NA,NA,Ken,Richardson,British
782,jover,NA,NA,Juan,Jover,Spanish
783,grignard,NA,NA,Georges,Grignard,French
784,hampshire,NA,NA,David,Hampshire,British
785,crossley,NA,NA,Geoff,Crossley,British
786,fagioli,NA,NA,Luigi,Fagioli,Italian
787,harrison,NA,NA,Cuth,Harrison,British
788,fry,NA,NA,Joe,Fry,British
789,martin,NA,NA,Eugène,Martin,French
790,leslie_johnson,NA,NA,Leslie,Johnson,British
791,biondetti,NA,NA,Clemente,Biondetti,Italian
792,pian,NA,NA,Alfredo,Pián,Argentine
793,sommer,NA,NA,Raymond,Sommer,French
794,chitwood,NA,NA,Joie,Chitwood,American
795,fohr,NA,NA,Myron,Fohr,American
796,ader,NA,NA,Walt,Ader,American
797,holmes,NA,NA,Jackie,Holmes,American
798,levrett,NA,NA,Bayliss,Levrett,American
799,jackson,NA,NA,Jimmy,Jackson,American
800,pagani,NA,NA,Nello,Pagani,Italian
801,pozzi,NA,NA,Charles,Pozzi,French
802,serafini,NA,NA,Dorino,Serafini,Italian
803,cantrell,NA,NA,Bill,Cantrell,American
804,mantz,NA,NA,Johnny,Mantz,American
805,kladis,NA,NA,Danny,Kladis,American
806,oscar_gonzalez,NA,NA,Óscar,González,Uruguayan
807,hulkenberg,27,HUL,Nico,Hülkenberg,German
808,petrov,NA,PET,Vitaly,Petrov,Russian
810,grassi,NA,DIG,Lucas,di Grassi,Brazilian
811,bruno_senna,NA,SEN,Bruno,Senna,Brazilian
812,chandhok,NA,CHA,Karun,Chandhok,Indian
813,maldonado,13,MAL,Pastor,Maldonado,Venezuelan
814,resta,40,DIR,Paul,di Resta,British
815,perez,11,PER,Sergio,Pérez,Mexican
816,ambrosio,NA,DAM,Jérôme,d'Ambrosio,Belgian
817,ricciardo,3,RIC,Daniel,Ricciardo,Australian
818,vergne,25,VER,Jean-Éric,Vergne,French
819,pic,NA,PIC,Charles,Pic,French
820,chilton,4,CHI,Max,Chilton,British
821,gutierrez,21,GUT,Esteban,Gutiérrez,Mexican
822,bottas,77,BOT,Valtteri,Bottas,Finnish
823,garde,NA,VDG,Giedo,van der Garde,Dutch
824,jules_bianchi,17,BIA,Jules,Bianchi,French
825,kevin_magnussen,20,MAG,Kevin,Magnussen,Danish
826,kvyat,26,KVY,Daniil,Kvyat,Russian
827,lotterer,45,LOT,André,Lotterer,German
828,ericsson,9,ERI,Marcus,Ericsson,Swedish
829,stevens,28,STE,Will,Stevens,British
830,max_verstappen,33,VER,Max,Verstappen,Dutch
831,nasr,12,NAS,Felipe,Nasr,Brazilian
832,sainz,55,SAI,Carlos,Sainz,Spanish
833,merhi,98,MER,Roberto,Merhi,Spanish
834,rossi,53,RSS,Alexander,Rossi,American
835,jolyon_palmer,30,PAL,Jolyon,Palmer,British
836,wehrlein,94,WEH,Pascal,Wehrlein,German
837,haryanto,88,HAR,Rio,Haryanto,Indonesian
838,vandoorne,2,VAN,Stoffel,Vandoorne,Belgian
839,ocon,31,OCO,Esteban,Ocon,French
840,stroll,18,STR,Lance,Stroll,Canadian
841,giovinazzi,99,GIO,Antonio,Giovinazzi,Italian
843,brendon_hartley,28,HAR,Brendon,Hartley,New Zealander
844,leclerc,16,LEC,Charles,Leclerc,Monegasque
845,sirotkin,35,SIR,Sergey,Sirotkin,Russian
846,norris,4,NOR,Lando,Norris,British
847,russell,63,RUS,George,Russell,British
848,albon,23,ALB,Alexander,Albon,Thai
849,latifi,6,LAT,Nicholas,Latifi,Canadian
850,pietro_fittipaldi,51,FIT,Pietro,Fittipaldi,Brazilian
851,aitken,89,AIT,Jack,Aitken,British
852,tsunoda,22,TSU,Yuki,Tsunoda,Japanese
853,mazepin,9,MAZ,Nikita,Mazepin,Russian
854,mick_schumacher,47,MSC,Mick,Schumacher,German
855,zhou,24,ZHO,Guanyu,Zhou,Chinese
856,de_vries,21,DEV,Nyck,de Vries,Dutch
857,piastri,81,PIA,Oscar,Piastri,Australian
858,sargeant,2,SAR,Logan,Sargeant,American
859,lawson,30,LAW,Liam,Lawson,New Zealander
860,bearman,38,BEA,Oliver,Bearman,British
861,colapinto,43,COL,Franco,Colapinto,Argentinian 
862,doohan,61,DOO,Jack,Doohan,Australian